<?xml version="1.0" encoding="UTF-8"?>
<template xmlns="http://ws.apache.org/ns/synapse" name="getOrderDetails">
    <parameter name="orderId"/>



    <sequence>


        <property name="uri.var.orderId" expression="$func:orderId" />

        <call>
            <endpoint>


                <http method="GET"
                      uri-template="{uri.var.eventbrite.apiUrl}/v3/orders/{uri.var.orderId}/?token={uri.var.eventbrite.accessToken}" />

            </endpoint>
        </call>
    </sequence>
</template>
