<?xml version="1.0" encoding="UTF-8"?>
<template xmlns="http://ws.apache.org/ns/synapse" name="CreateContactLists" >
    <parameter name="userId"/>
    <parameter name="name" />


    <sequence>
        <property name="HTTP_METHOD" value="POST" scope="axis2" type="STRING"/>
        <property name="Accept-Encoding" scope="transport" action="remove"/>
        <property name="messageType" value="application/json" scope="axis2" type="STRING"/>

        <property name="uri.var.userId" expression="$func:userId" />
        <property name="uri.var.name" expression="$func:name" />




        <payloadFactory media-type="json">
            <format> {
                "name": "$1"
                }
            </format>
            <args>
                <arg evaluator="xml" expression="$func:name"/>

            </args>
        </payloadFactory>

        <call>
            <endpoint>
                <http method="POST"


                      uri-template="{uri.var.eventbrite.apiUrl}/v3/users/{uri.var.userId}/contact_lists?token={uri.var.eventbrite.accessToken}" />
            </endpoint>
        </call>

    </sequence>

</template>




  



    

     