<?xml version="1.0" encoding="UTF-8"?>
<component name="users" type="synapse/template" >
<subComponents>
    <component name="getUserDetails">
        <file>getUserDetails.xml</file>
        <description>Returns profile information</description>
    </component>


    <component name="getUserOrder">
        <file>getUserOrder.xml</file>
        <description>Returns profile information</description>
    </component>


    <component name="getUserOwnedEvents">
        <file>getUserOwnedEvents.xml</file>
        <description>Returns profile information</description>
    </component>

    <component name="getUserOwnedEventsOrders">
        <file>getUserOwnedEventOrders.xml</file>
        <description>Returns profile information</description>
    </component>


    <component name="getUserOwnedEventAttendees">
        <file>getUserOwnedEventAttendees.xml</file>
        <description>Returns profile information</description>
    </component>


    <component name="getUserVenues">
        <file>getUserVenue.xml</file>
        <description>Returns profile information</description>
    </component>


    <component name="getUserOrganizers">
        <file>getUserOrganizer.xml</file>
        <description>Returns profile information</description>
    </component>

</subComponents>
</component>