<?xml version="1.0" encoding="UTF-8"?>
<template xmlns="http://ws.apache.org/ns/synapse" name="getUserOwnedEventAttendees">
    <parameter name="userId"/>
    <parameter name="expand"  />


    <sequence>

        <property name="parameters" value="0"/>
        <property name="uri.var.userId" expression="$func:userId" />
        <property name="uri.var.expand" expression="$func:expand" />

        <filter
                xpath="get-property('uri.var.expand') = '' or  not(string(get-property('uri.var.expand')))" >
            <then>
                <property name="uri.var.expand" value=""/>
            </then>
            <else>
                <property name="parameters" expression="fn:concat(get-property('parameters'),'&amp;expand=', get-property('uri.var.expand'))"/>
            </else>
        </filter>



        <call>
            <endpoint>


                <http method="GET"
                      uri-template="{uri.var.eventbrite.apiUrl}/v3/users/{uri.var.userId}/owned_event_attendees/?{uri.var.parameters}&amp;token={uri.var.eventbrite.accessToken}" />

            </endpoint>
        </call>

    </sequence>
</template>