<?xml version="1.0" encoding="UTF-8"?>
<template xmlns="http://ws.apache.org/ns/synapse" name="getUserDetails">
    <parameter name="userId"/>
<sequence>

 <property name="uri.var.userId" expression="$func:userId" />


        <call>
            <endpoint>
                <property name="messageType" value="application/json" scope="axis2"/>
                <property name="ContentType" value="application/json" scope="axis2"/>
                <http method="GET"

                      uri-template="{uri.var.eventbrite.apiUrl}/v3/users/{uri.var.userId}/?token={uri.var.eventbrite.accessToken}" />

            </endpoint>
        </call>

    </sequence>
</template>






